<?xml version="1.0" encoding="UTF-8"?>
<!DOCTYPE log4j:configuration SYSTEM "log4j.dtd">

<!-- ===================================================================== -->
<!--                                                                       -->
<!--  Log4j Configuration                                                  -->
<!--                                                                       -->
<!-- ===================================================================== -->

<!-- $Id: log4j.xml,v 1.26.2.5 2005/09/15 09:31:02 dimitris Exp $ -->

<!--
   | For more configuration infromation and examples see the Jakarta Log4j
   | owebsite: http://jakarta.apache.org/log4j
 -->

<log4j:configuration xmlns:log4j="http://jakarta.apache.org/log4j/" debug="false">

    <!-- ============================== -->
    <!-- Append messages to the console -->
    <!-- ============================== -->

    <appender name="CONSOLE" class="org.apache.log4j.ConsoleAppender">
        <param name="Target" value="System.out"/>

        <layout class="org.apache.log4j.PatternLayout">
            <!-- The default pattern: Date Priority [Category] Message\n -->
            <param name="ConversionPattern" value="%d{ABSOLUTE} %-5p [%t][%c{1}] %m%n"/>
        </layout>
    </appender>

    <!-- ================ -->
    <!-- Limit categories -->

    <category name="org.milyn">
        <priority value="ERROR"/>
    </category>

    <category name="org.milyn.javabean">
        <priority value="ERROR"/>
    </category>

    <category name="freemarker">
        <priority value="ERROR"/>
    </category>

    <category name="org.apache.activemq">
        <priority value="INFO"/>
    </category>

    <!-- ======================= -->
    <!-- Setup the Root category -->
    <!-- ======================= -->

    <root>
        <appender-ref ref="CONSOLE"/>
    </root>

</log4j:configuration>

