<?xml version="1.0" encoding="UTF-8"?>
<server>
    <mbean code="org.jboss.mq.server.jmx.Queue"
           name="jboss.esb.quickstart.destination:service=Queue,name=JavaOne_Out1">
        <depends optional-attribute-name="DestinationManager">
            jboss.mq:service=DestinationManager
        </depends>
    </mbean>
    <mbean code="org.jboss.mq.server.jmx.Queue"
           name="jboss.esb.quickstart.destination:service=Queue,name=JavaOne_Out2">
        <depends optional-attribute-name="DestinationManager">
            jboss.mq:service=DestinationManager
        </depends>
    </mbean>
</server>