<?xml version = "1.0" encoding = "UTF-8"?>
<jbossesb xmlns="http://anonsvn.labs.jboss.com/labs/jbossesb/trunk/product/etc/schemas/xml/jbossesb-1.1.0.xsd">

    <providers>
        <fs-provider name="fileProvider">
            <fs-bus busid="InBus">
                <fs-message-filter directory="in/in-orders" input-suffix=".xml" post-delete="true" />
            </fs-bus>
        </fs-provider>
    </providers>
    <services>
        <service category="JavaOne" name="In" description="In Service" invmScope="GLOBAL">
            <listeners>
                <fs-listener name="InListener" busidref="InBus" is-gateway="true" />
            </listeners>
            <actions mep="OneWay">

                <action name="print" class="org.jboss.soa.esb.example.PrintMessage">
                    <property name="bytesPayload" value="true" />
                </action>

                <action name="split-route" class="org.jboss.soa.esb.smooks.SmooksAction">
                    <property name="smooksConfig" value="/split-route-config.xml" />
                </action>
                
            </actions>
        </service>
    </services>
</jbossesb>
