<?xml version="1.0" encoding="UTF-8"?>
<smooks-resource-list xmlns="http://www.milyn.org/xsd/smooks-1.1.xsd" xmlns:esb="http://www.jboss.org/xsd/jbossesb/smooks/routing-1.0.xsd" xmlns:flt="http://www.milyn.org/xsd/smooks/freemarker-1.1.xsd" xmlns:jb="http://www.milyn.org/xsd/smooks/javabean-1.1.xsd">
  <params>
    <param name="stream.filter.type">SAX</param>
  </params>
  <jb:bindings beanId="header" class="org.jboss.soa.esb.example.ordermodel.Header" createOnElement="order">
    <jb:value data="/order/header/customer" property="customerName"/>
    <jb:value data="/order/header/customer/@number" property="customerNumber"/>
    <jb:value data="/order/header/orderId" property="orderId"/>
  </jb:bindings>
  <jb:bindings beanId="orderItem" class="org.jboss.soa.esb.example.ordermodel.OrderItem" createOnElement="/order/order-items/order-item">
    <jb:value data="/order/order-items/order-item/price" property="price"/>
    <jb:wiring beanIdRef="header" property="header" wireOnElement="/order/order-items/order-item"/>
  </jb:bindings>
  <flt:freemarker>
    <flt:template><![CDATA[<item>
	<order>
		<id></id>
		<customer>
			<name></name>
			<id></id>
		</customer>
	</order>
	<itemDetails id="">
		<quantity></quantity>
		<price>${orderItem.price}</price>
	</itemDetails>
</item>]]></flt:template>
    <flt:use>
      <flt:bindTo id="orderXML"/>
    </flt:use>
  </flt:freemarker>
  <esb:routeBean/>
</smooks-resource-list>