<?xml version="1.0"?>
<smooks-resource-list xmlns="http://www.milyn.org/xsd/smooks-1.1.xsd" xmlns:edi="http://www.milyn.org/xsd/smooks/edi-1.1.xsd" xmlns:jb="http://www.milyn.org/xsd/smooks/javabean-1.2.xsd">
<params><param name="stream.filter.type">SAX</param></params>
<edi:reader mappingModel="/org/smooks/edi/model/edimappingconfig.xml" /><jb:bean beanId="order" class="org.smooks.edi.model.Order" createOnElement="Order">

<jb:wiring property="header" beanIdRef="header"/>

<jb:wiring property="orderItems" beanIdRef="orderItems"/>

</jb:bean>
<jb:bean beanId="header" class="org.smooks.edi.model.Header" createOnElement="header">

<jb:value property="orderId" data="header/orderId" decoder="String"/>

<jb:value property="statusCode" data="header/statusCode" decoder="String"/>

<jb:value property="netAmount" data="header/netAmount" decoder="BigDecimal"/>

<jb:value property="totalAmount" data="header/totalAmount" decoder="BigDecimal"/>

<jb:value property="tax" data="header/tax" decoder="BigDecimal"/>

<jb:value property="date" data="header/date" decoder="Date">

<jb:decodeParam name="format">
yyyyMMdd</jb:decodeParam>
</jb:value>
<jb:wiring property="customerDetails" beanIdRef="customerDetails"/>

</jb:bean>
<jb:bean beanId="customerDetails" class="org.smooks.edi.model.CustomerDetails" createOnElement="customer-details">

<jb:value property="username" data="customer-details/username" decoder="String"/>

<jb:wiring property="name" beanIdRef="name"/>

<jb:value property="state" data="customer-details/state" decoder="String"/>

<jb:value property="email" data="customer-details/email" decoder="String"/>

</jb:bean>
<jb:bean beanId="name" class="org.smooks.edi.model.Name" createOnElement="name">

<jb:value property="firstname" data="name/firstname" decoder="String"/>

<jb:value property="lastname" data="name/lastname" decoder="String"/>

</jb:bean>
<jb:bean beanId="orderItems" class="org.smooks.edi.model.OrderItems" createOnElement="order-items">

<jb:wiring property="orderItems" beanIdRef="orderItemList"/>

</jb:bean>
<jb:bean beanId="orderItemList" class="java.util.ArrayList" createOnElement="order-items">

<jb:wiring beanIdRef="orderItem"/>

</jb:bean>
<jb:bean beanId="orderItem" class="org.smooks.edi.model.OrderItem" createOnElement="order-item">

<jb:value property="position" data="order-item/position" decoder="Integer"/>

<jb:value property="quantity" data="order-item/quantity" decoder="Long"/>

<jb:value property="productId" data="order-item/productId" decoder="String"/>

<jb:value property="title" data="order-item/title" decoder="String"/>

<jb:value property="price" data="order-item/price" decoder="BigDecimal"/>

</jb:bean>
</smooks-resource-list>