<?xml version="1.0"?>
<smooks-resource-list xmlns="http://www.milyn.org/xsd/smooks-1.1.xsd"
                      xmlns:jb="http://www.milyn.org/xsd/smooks/javabean-1.2.xsd">

    <jb:bean beanId="order" class="org.smooks.xml.model.Order" createOnElement="/order">
        <jb:wiring property="header" beanIdRef="header"/>
        <jb:wiring property="orderItems" beanIdRef="orderItems"/>
    </jb:bean>

    <jb:bean beanId="header" class="org.smooks.xml.model.Header" createOnElement="/order">
        <jb:value property="orderId" data="order/@id"/>
        <jb:value property="customerName" data="header/customer"/>
        <jb:value property="customerNumber" data="header/customer/@number"/>
    </jb:bean>

    <jb:bean beanId="orderItems" class="java.util.ArrayList" createOnElement="/order">
        <jb:wiring beanIdRef="orderItem"/>
    </jb:bean>

    <jb:bean beanId="orderItem" class="org.smooks.xml.model.OrderItem" createOnElement="/order/order-items/order-item">
        <jb:value property="productId" data="order-item/product"/>
        <jb:value property="quantity" data="order-item/quantity"/>
        <jb:value property="price" data="order-item/price"/>
    </jb:bean>

</smooks-resource-list>