<order id="43223">
    <header>
        <customer number="123123">Joe</customer>
    </header>
    <order-items>
        <order-item>
            <product>111</product>
            <quantity>2</quantity>
            <price>8.90</price>
        </order-item>
        <order-item>
            <product>222</product>
            <quantity>7</quantity>
            <price>5.20</price>
        </order-item>
        <order-item>
            <product>333</product>
            <quantity>18</quantity>
            <price>0.37</price>
        </order-item>
    </order-items>
</order>