<?xml version="1.0" encoding="UTF-8"?>
<smooks-resource-list xmlns="http://www.milyn.org/xsd/smooks-1.1.xsd"
                      xmlns:jb="http://www.milyn.org/xsd/smooks/javabean-1.2.xsd"
                      xmlns:calc="http://www.milyn.org/xsd/smooks/calc-1.1.xsd"
                      xmlns:db="http://www.milyn.org/xsd/smooks/persistence-1.2.xsd">

    <!-- Capture header details - pulled into entity below -->
    <jb:bean beanId="headerDetails" class="java.util.HashMap" createOnElement="/order">
        <jb:value property="orderId" data="order/@id"/>
        <jb:value property="customerNumber" data="header/customer/@number"/>
        <jb:value property="customerName" data="header/customer"/>
    </jb:bean>

    <!-- Keep an index of each order item in the message... -->
    <calc:counter beanId="orderItemIndex" start="1" countOnElement="order-items/order-item"  />

    <!-- Create and populate the the OrderLine entity... -->
    <jb:bean beanId="orderItem" class="org.smooks.persistence.model.OrderLine" createOnElement="order-items/order-item">
        <jb:expression property="id">headerDetails.orderId + ":" + orderItemIndex</jb:expression>
        <jb:expression property="customerNumber">headerDetails.customerNumber</jb:expression>
        <jb:expression property="customerName">headerDetails.customerName</jb:expression>
        <jb:value property="productId" data="order-item/product"/>
        <jb:value property="quantity" data="order-item/quantity"/>
        <jb:value property="unitprice" data="order-item/price"/>
    </jb:bean>

    <!-- Persist the current entity... -->
    <db:inserter beanId="orderItem" insertOnElement="order-items/order-item"/>

</smooks-resource-list>