<?xml version="1.0"?>
<smooks-resource-list xmlns="http://www.milyn.org/xsd/smooks-1.1.xsd">

    <resource-config selector="order">
        <resource>org.smooks._08_custom_visitor._03_add_base_xml_config.PrintVisitor</resource>
        <param name="beforeText">[[[</param>
        <param name="childText">@@@</param>
        <param name="afterText">]]]</param>
    </resource-config>

    <resource-config selector="order-item">
        <resource>org.smooks._08_custom_visitor._03_add_base_xml_config.PrintVisitor</resource>
        <param name="beforeText">(((</param>
        <param name="childText">+++</param>
        <param name="afterText">)))</param>
    </resource-config>

</smooks-resource-list>

