<project name="EJC - Edifact Java Compiler" default="ejc" basedir=".">

    <taskdef resource="org/milyn/ejc/ant/anttasks.properties">
        <classpath><fileset dir="../../smooks-1.2.BETA2/lib" includes="*.jar"/></classpath>
    </taskdef>

    <target name="ejc">

        <ejc edimappingmodel="src/main/java/org/smooks/_07_edi_javabinding/edi-to-xml-order-mapping.xml"
             destdir="src/main/java"
             packagename="org.smooks.edi.model"/>

    </target>

</project>
