<?xml version="1.0"?>
<smooks-resource-list xmlns="http://www.milyn.org/xsd/smooks-1.1.xsd"
                      xmlns:json="http://www.milyn.org/xsd/smooks/json-1.2.xsd"
                      xmlns:jb="http://www.milyn.org/xsd/smooks/javabean-1.2.xsd">

    <json:reader rootName="order" indent="true"/>

    <!-- Virtual Object Model!! -->

    <jb:bean beanId="order" class="java.util.HashMap" createOnElement="order">
    	<jb:wiring property="header" beanIdRef="header"/>
    	<jb:wiring property="orderItems" beanIdRef="orderItems"/>
    </jb:bean>

    <jb:bean beanId="header" class="java.util.HashMap" createOnElement="order">
    	<jb:wiring property="customer" beanIdRef="customer"/>

    	<jb:value property="orderId"     data="header/order-id" />
    	<jb:value property="orderStatus" data="header/status-code"   decoder="Long" />
    	<jb:value property="netAmount"   data="header/net-amount"    decoder="BigDecimal"/>
    	<jb:value property="totalAmount" data="header/total-amount"  decoder="BigDecimal"/>
    	<jb:value property="tax"         data="header/tax"           decoder="BigDecimal"/>
    	<jb:value property="date"        data="header/date-time"     decoder="Date">
            <jb:decodeParam name="format">EEE MMM dd HH:mm:ss z yyyy</jb:decodeParam>
            <jb:decodeParam name="locale-language">en</jb:decodeParam>
            <jb:decodeParam name="locale-country">IE</jb:decodeParam>
        </jb:value>
    </jb:bean>

    <jb:bean beanId="customer" class="java.util.HashMap" createOnElement="order">
    	<jb:value property="userName"  data="customer-details/username" />
    	<jb:value property="firstName" data="customer-details/firstname" />
    	<jb:value property="lastName"  data="customer-details/lastname"/>
    	<jb:value property="state"     data="customer-details/state"/>
    </jb:bean>

	<jb:bean beanId="orderItems" class="java.util.ArrayList" createOnElement="order">
    	<jb:wiring beanIdRef="orderItem"/>
    </jb:bean>

    <jb:bean beanId="orderItem" class="java.util.HashMap" createOnElement="order-item/element">
    	<jb:value property="quantity"  data="order-item/element/quantity" decoder="Integer"/>
        <jb:value property="productId" data="order-item/element/product-id" />
        <jb:value property="price"     data="order-item/element/price"    decoder="BigDecimal" />
        <jb:value property="title"     data="order-item/element/title" />
    </jb:bean>

</smooks-resource-list>