<?xml version="1.0"?>
<smooks-resource-list xmlns="http://www.milyn.org/xsd/smooks-1.1.xsd"
                      xmlns:csv="http://www.milyn.org/xsd/smooks/csv-1.2.xsd"
                      xmlns:ftl="http://www.milyn.org/xsd/smooks/freemarker-1.1.xsd">

    <!--
    Configure the CSV Reader to read the message and change it into a stream of SAX events.
    Also binding each record into a Map so we can use it in a templating operation i.e. to transform each record (below).
    -->
    <csv:reader fields="firstname,lastname,gender,age,country" rootElementName="people" recordElementName="person" indent="true">
        <csv:singleBinding beanId="person" class="java.util.HashMap"/>
    </csv:reader>

    <!-- Apply a FreeMarker template to each CSV record, generating a different XML structure based on the gender value... -->
    <ftl:freemarker applyOnElement="person">
        <ftl:template><!--<#compress>
    <#if person.gender == "Male">
        <male age="${person.age}"><name><fn>${person.firstname}</fn><ln>${person.lastname}</ln></name><nationality>${person.country}</nationality></male>
    <#else>
        <female age="${person.age}"><name><fn>${person.firstname}</fn><ln>${person.lastname}</ln></name><nationality>${person.country}</nationality></female>
    </#if>
    </#compress>-->
        </ftl:template>
    </ftl:freemarker>

</smooks-resource-list>
