<?xml version = "1.0" encoding = "UTF-8"?>
<jbossesb xmlns="http://anonsvn.labs.jboss.com/labs/jbossesb/trunk/product/etc/schemas/xml/jbossesb-1.1.0.xsd">

    <providers>
        <jms-provider name="JBossMQ" connection-factory="ConnectionFactory">
            <jms-bus busid="in-queue">
                <jms-message-filter dest-type="QUEUE" dest-name="queue/JavaOne_Out2"/>
            </jms-bus>
        </jms-provider>
    </providers>
    <services>
        <service category="JavaOne" name="Out2" description="Out 2 Service">
            <listeners>
                <jms-listener name="In" busidref="in-queue" />
            </listeners>
            <actions mep="OneWay">
                <action name="print" class="org.jboss.soa.esb.example.PrintMessage" />
            </actions>
        </service>
    </services>
</jbossesb>
