<?xml version="1.0" encoding="UTF-8"?>
<!--
	NOTE: DO NOT MODIFY
	This file was auto-generated.
-->
<jbossesb-listeners parameterReloadSecs="180">
<InVM-0 listenerClass="org.jboss.soa.esb.listeners.message.MessageAwareListener" maxThreads="1" mep="OneWay" service-category="JavaOne" service-description="Out 2 Service" service-name="Out2" transacted="false">
<EPR URL="invm://4a6176614f6e652424242424242424242424244f757432/false?false#10000" protocol="invm"/>
<action action="print" class="org.jboss.soa.esb.example.PrintMessage"/>
</InVM-0>
<listener listenerClass="org.jboss.soa.esb.listeners.message.MessageAwareListener" maxThreads="1" mep="OneWay" name="In" service-category="JavaOne" service-description="Out 2 Service" service-name="Out2">
<EPR acknowledge-mode="AUTO_ACKNOWLEDGE" connection-factory="ConnectionFactory" destination-name="queue/JavaOne_Out2" destination-type="queue" persistent="true" protocol="jms" transacted="false"/>
<action action="print" class="org.jboss.soa.esb.example.PrintMessage"/>
</listener>
</jbossesb-listeners>
